{
  "dos": {
    "precision": 1.0,
    "recall": 0.9994585814834868,
    "f1-score": 0.9997292174383969,
    "support": 1847.0
  },
  "normal": {
    "precision": 0.9955539088551315,
    "recall": 0.9988847583643122,
    "f1-score": 0.9972165522360363,
    "support": 2690.0
  },
  "probe": {
    "precision": 0.9977876106194691,
    "recall": 0.9847161572052402,
    "f1-score": 0.9912087912087912,
    "support": 458.0
  },
  "r2l": {
    "precision": 0.9512195121951219,
    "recall": 0.9285714285714286,
    "f1-score": 0.9397590361445783,
    "support": 42.0
  },
  "u2r": {
    "precision": 0.0,
    "recall": 0.0,
    "f1-score": 0.0,
    "support": 2.0
  },
  "accuracy": 0.9968247668188133,
  "macro avg": {
    "precision": 0.7889122063339445,
    "recall": 0.7823261851248935,
    "f1-score": 0.7855827194055606,
    "support": 5039.0
  },
  "weighted avg": {
    "precision": 0.9966219408605312,
    "recall": 0.9968247668188133,
    "f1-score": 0.9967167882546846,
    "support": 5039.0
  }
}